TOP 1% MENTORSHIP SCORECARD,,,,,,,,,,,
,,,,,,,,,,,
HEADER (fill once at signup),,,,,,,,,,,
Name,,,,,,,,,,,
Year and track,,,,,,,,,,,
Subjects / boards / spec links,,,,,,,,,,,
Current grades,,,,,,,,,,,
Target grades,,,,,,,,,,,
The reason behind the target (their words),,,,,,,,,,,
Exam dates,,,,,,,,,,,
School test and mock dates,,,,,,,,,,,
Baseline four tier split (paper / K / R / A / E),,,,,,,,,,,
Contact rules agreed (date),,,,,,,,,,,
Parent name and email,,,,,,,,,,,
Resit only: exam centre / entry deadline / confirmed,,,,,,,,,,,
,,,,,,,,,,,
WEEKLY (student fills in before every session),,,,,,,,,,,
date,sessions_planned,sessions_done,hours_high,hours_low,paper,marks_lost_K,marks_lost_R,marks_lost_A,marks_lost_E,paper_pct,errors_added,errors_cleared,rung1_topics,what_changed
